[

  
  {
    "name": "Grand Palace Delhi",
    "location": "Delhi NCR",
    "price": 3200,
    "images": ["https://images.unsplash.com/photo-1542314831-068cd1dbfeeb?auto=format&fit=crop&w=800&q=80"]
  },
  {
    "name": "Urban Stay Delhi",
    "location": "Delhi NCR",
    "price": 2800,
    "images": ["https://images.unsplash.com/photo-1611892440504-42a792e24d32?auto=format&fit=crop&w=800&q=80"]
  },
  {
    "name": "Skyline Inn Delhi",
    "location": "Delhi NCR",
    "price": 2900,
    "images": ["https://images.unsplash.com/photo-1560347876-aeef00ee58a1?auto=format&fit=crop&w=800&q=80"]
  },
{
    "name": "Skyline Inn Mumbai",
    "location": "Mumbai",
    "price": 3900,
    "images": ["https://images.unsplash.com/photo-1600585154340-be6161a56a0c?auto=format&fit=crop&w=800&q=80"]
  },

{
    "name": "Grand Palace Delhi",
    "location": "Delhi NCR",
    "price": 3200,
    "images": [
      "https://images.unsplash.com/photo-1560347876-aeef00ee58a1?auto=format&fit=crop&w=800&q=80"
    ]
  },
  
  {
    "name": "Skyline Inn Bangalore",
    "location": "Bangalore",
    "price": 2900,
    "images": [
      "https://images.unsplash.com/photo-1600585154340-be6161a56a0c?auto=format&fit=crop&w=800&q=80"
    ]
  },
  {
    "name": "Royal Suites Chennai",
    "location": "Chennai",
    "price": 3500,
    "images": [
      "https://images.unsplash.com/photo-1582719478250-c89cae4dc85b?auto=format&fit=crop&w=800&q=80"
    ]
  },
  {
    "name": "Sunrise Residency Kolkata",
    "location": "Kolkata",
    "price": 3100,
    "images": [
      "https://images.unsplash.com/photo-1611892440504-42a792e24d32?auto=format&fit=crop&w=800&q=80"
    ]
  },
  {
    "name": "The Horizon Inn",
    "location": "Jaipur",
    "price": 3000,
    "images": [
      "https://images.unsplash.com/photo-1582719478250-c89cae4dc85b?auto=format&fit=crop&w=800&q=80"
    ]
  },
 
  {
    "name": "Mountain Retreat",
    "location": "Manali",
    "price": 4100,
    "images": [
      "https://r1imghtlak.mmtcdn.com/def387826a8611ea9f560242ac110005.jpg?&output-quality=75&downsize=520:350&crop=520:350;24,0&output-format=jpg&downsize=480:336&crop=480:336"
    ]
  },
  
  {
    "name": "Luxe Residency",
    "location": "Hyderabad",
    "price": 3900,
    "images": [
      "https://lh3.googleusercontent.com/p/AF1QipObEt4FPcpjk3IMbas6Ikqbt9_9TiVn2cOWOLcN=w240-h160-k-no"
    ]
  }















  
]
